{
  "imagem": "IMG_3196.HEIC",
  "timestamp": "20260626_143612",
  "calibracao": {
    "realizada": true,
    "mm_por_px": 0.05714285714285714,
    "referencia_mm": 10.0
  },
  "plantulas": [
    {
      "numero": 1,
      "pontos_seg1": [
        [
          774,
          1214
        ],
        [
          758,
          1487
        ]
      ],
      "pontos_seg2": [
        [
          758,
          1487
        ],
        [
          756,
          1538
        ],
        [
          752,
          1566
        ],
        [
          752,
          1598
        ],
        [
          745,
          1634
        ],
        [
          745,
          1671
        ],
        [
          737,
          1703
        ],
        [
          737,
          1733
        ],
        [
          737,
          1769
        ],
        [
          734,
          1808
        ],
        [
          732,
          1844
        ],
        [
          732,
          1872
        ],
        [
          728,
          1913
        ],
        [
          726,
          1958
        ],
        [
          726,
          1997
        ],
        [
          726,
          2041
        ],
        [
          724,
          2064
        ],
        [
          725,
          2090
        ],
        [
          727,
          2111
        ],
        [
          727,
          2131
        ]
      ],
      "seg1_px": 273.4684625327023,
      "seg2_px": 646.5934076005304,
      "total_px": 920.0618701332328,
      "seg1_mm": 15.626769287582988,
      "seg2_mm": 36.94819472003031,
      "total_mm": 52.5749640076133
    }
  ]
}