{
  "imagem": "IMG_3196.HEIC",
  "timestamp": "20260626_143829",
  "calibracao": {
    "realizada": true,
    "mm_por_px": 0.057134462491603775,
    "referencia_mm": 10.0
  },
  "plantulas": [
    {
      "numero": 1,
      "pontos_seg1": [
        [
          778,
          1217
        ],
        [
          758,
          1491
        ]
      ],
      "pontos_seg2": [
        [
          758,
          1491
        ],
        [
          756,
          1527
        ],
        [
          756,
          1551
        ],
        [
          749,
          1581
        ],
        [
          749,
          1607
        ],
        [
          749,
          1643
        ],
        [
          743,
          1662
        ],
        [
          743,
          1688
        ],
        [
          737,
          1724
        ],
        [
          734,
          1759
        ],
        [
          734,
          1789
        ],
        [
          734,
          1823
        ],
        [
          730,
          1866
        ],
        [
          730,
          1898
        ],
        [
          728,
          1928
        ],
        [
          726,
          1969
        ],
        [
          724,
          2009
        ],
        [
          724,
          2046
        ],
        [
          724,
          2091
        ],
        [
          724,
          2121
        ],
        [
          726,
          2153
        ]
      ],
      "seg1_px": 274.7289573379552,
      "seg2_px": 664.8245244200359,
      "total_px": 939.5534817579911,
      "seg1_mm": 15.696491308382814,
      "seg2_mm": 37.98439185397486,
      "total_mm": 53.680883162357674
    }
  ]
}