{
  "imagem": "IMG_3196.HEIC",
  "timestamp": "20260623_190442",
  "calibracao": {
    "realizada": true,
    "mm_por_px": 0.05710930071856925,
    "referencia_mm": 10.0
  },
  "plantulas": [
    {
      "numero": 1,
      "pontos_seg1": [
        [
          882,
          1219
        ],
        [
          936,
          1496
        ]
      ],
      "pontos_seg2": [
        [
          936,
          1496
        ],
        [
          889,
          2179
        ]
      ],
      "seg1_px": 282.21445746098834,
      "seg2_px": 684.6152203975603,
      "total_px": 966.8296778585486,
      "seg1_mm": 16.11707031826745,
      "seg2_mm": 39.09789649819383,
      "total_mm": 55.214966816461285
    },
    {
      "numero": 2,
      "pontos_seg1": [
        [
          776,
          1219
        ],
        [
          755,
          1480
        ]
      ],
      "pontos_seg2": [
        [
          755,
          1480
        ],
        [
          725,
          2154
        ]
      ],
      "seg1_px": 261.84346468835156,
      "seg2_px": 674.6673254278734,
      "total_px": 936.5107901162249,
      "seg1_mm": 14.953697166079136,
      "seg2_mm": 38.52977917285324,
      "total_mm": 53.48347633893238
    },
    {
      "numero": 3,
      "pontos_seg1": [
        [
          1136,
          1211
        ],
        [
          1116,
          1478
        ]
      ],
      "pontos_seg2": [
        [
          1116,
          1478
        ],
        [
          1116,
          1518
        ],
        [
          1114,
          1550
        ],
        [
          1114,
          1589
        ],
        [
          1114,
          1621
        ],
        [
          1114,
          1653
        ],
        [
          1112,
          1678
        ],
        [
          1112,
          1724
        ],
        [
          1116,
          1750
        ],
        [
          1114,
          1777
        ],
        [
          1112,
          1807
        ],
        [
          1106,
          1835
        ],
        [
          1108,
          1861
        ],
        [
          1108,
          1892
        ],
        [
          1108,
          1926
        ],
        [
          1106,
          1958
        ],
        [
          1106,
          1991
        ],
        [
          1106,
          2021
        ]
      ],
      "seg1_px": 267.7480158656643,
      "seg2_px": 544.3636606968971,
      "total_px": 812.1116765625613,
      "seg1_mm": 15.290901954872473,
      "seg2_mm": 31.088227999000292,
      "total_mm": 46.37912995387276
    }
  ]
}